nok_id,fV,R,egim,yontem,fR,fS,U_esit,U_uzman_gorus_agirlikli,U_uzman_denge_arayisi,M0,M1_esit,fE,M2
K353742,0.0171,60.72,12.67,gdal_viewshed,1.0,0.6932,0.5701,0.4472,0.5148,0.0171,0.5701,0.9807,0.6399
K209970,0.0,-6.3,23.06,gdal_viewshed,0.2968,0.2776,0.1915,0.1446,0.1723,0.0,0.1915,0.9231,0.3292
K77209,0.0628,-9.98,4.31,gdal_viewshed,0.242,1.0,0.435,0.304,0.3977,0.0628,0.435,1.0,0.4914
K329102,0.0,3.07,8.68,gdal_viewshed,0.4363,0.8528,0.4297,0.3014,0.3867,0.0,0.4297,0.969,0.4952
K246767,0.0,41.01,17.98,gdal_viewshed,1.0,0.4808,0.4936,0.3962,0.4442,0.0,0.4936,0.757,0.5476
K19970,0.0629,-3.99,1.69,gdal_viewshed,0.3312,1.0,0.4648,0.3308,0.4245,0.0629,0.4648,0.8931,0.4968
K97777,0.0496,13.04,2.9,gdal_viewshed,0.5847,1.0,0.5448,0.4002,0.4952,0.0496,0.5448,0.9954,0.5894
K311365,0.0,-21.47,1.61,gdal_viewshed,0.071,1.0,0.3571,0.2213,0.3213,0.0,0.3571,0.9914,0.4196
K187169,0.0,-59.46,19.56,gdal_viewshed,0.0,0.4176,0.1392,0.0835,0.1253,0.0,0.1392,1.0,0.2835
K83175,0.0015,10.42,1.58,gdal_viewshed,0.5457,1.0,0.5158,0.3645,0.4643,0.0015,0.5158,0.9879,0.5617
K149698,0.0314,-6.39,2.31,gdal_viewshed,0.2955,1.0,0.4424,0.3044,0.4012,0.0314,0.4424,0.9953,0.4971
K236175,0.0,-2.98,4.31,gdal_viewshed,0.3463,1.0,0.4488,0.3039,0.4039,0.0,0.4488,0.9929,0.5025
K312837,0.0,-19.27,0.75,gdal_viewshed,0.1038,1.0,0.368,0.2311,0.3311,0.0,0.368,0.9952,0.4302
K329907,0.0,-26.94,2.68,gdal_viewshed,0.0,1.0,0.3334,0.2,0.3,0.0,0.3334,0.9984,0.3997
K67483,0.0,31.32,7.64,gdal_viewshed,0.8568,0.8944,0.5838,0.4359,0.5254,0.0,0.5838,0.979,0.6317
K183513,0.0569,40.8,4.79,gdal_viewshed,0.998,1.0,0.685,0.5278,0.6222,0.0569,0.685,0.9781,0.7121
K76828,0.0,10.9,2.45,gdal_viewshed,0.5529,1.0,0.5177,0.3659,0.4659,0.0,0.5177,0.9668,0.5592
K143763,0.0628,1.83,1.32,gdal_viewshed,0.4179,1.0,0.4936,0.3568,0.4505,0.0628,0.4936,0.9774,0.5397
K221155,0.0814,13.27,4.31,gdal_viewshed,0.5882,1.0,0.5566,0.4172,0.509,0.0814,0.5566,1.0,0.6009
K290988,0.0,-33.98,18.76,gdal_viewshed,0.0,0.4496,0.1499,0.0899,0.1349,0.0,0.1499,0.9339,0.2767
K101553,0.0702,-20.77,5.62,gdal_viewshed,0.0814,0.9752,0.3757,0.2546,0.3451,0.0702,0.3757,0.5,0.3405
K392304,0.036,4.44,9.18,gdal_viewshed,0.4567,0.8328,0.4419,0.3216,0.4012,0.036,0.4419,0.9602,0.5064
K373961,0.0,-2.87,0.92,gdal_viewshed,0.3479,1.0,0.4494,0.3044,0.4044,0.0,0.4494,0.9792,0.5002
K16990,0.0427,4.17,3.34,gdal_viewshed,0.4527,1.0,0.4985,0.3572,0.4529,0.0427,0.4985,0.7957,0.5078
K273839,0.0,-4.31,0.34,gdal_viewshed,0.3265,1.0,0.4422,0.298,0.3979,0.0,0.4422,0.9878,0.4955
K320099,0.0515,-1.83,22.64,gdal_viewshed,0.3634,0.2944,0.2364,0.1936,0.2179,0.0515,0.2364,0.9615,0.3757
K89934,0.0,-0.45,0.24,gdal_viewshed,0.3839,1.0,0.4614,0.3152,0.4152,0.0,0.4614,0.9619,0.5075
K11039,0.0427,-0.56,0.62,gdal_viewshed,0.3823,1.0,0.4751,0.336,0.4318,0.0427,0.4751,0.8047,0.4884
K168473,0.0133,-16.1,19.02,gdal_viewshed,0.1509,0.4392,0.2012,0.1398,0.1823,0.0133,0.2012,0.963,0.3297
K404751,0.1404,8.86,1.96,gdal_viewshed,0.5225,1.0,0.5543,0.427,0.5129,0.1404,0.5543,0.9615,0.5912
K279640,0.0,34.99,8.6,gdal_viewshed,0.9115,0.856,0.5892,0.4446,0.5302,0.0,0.5892,0.9674,0.6381
K299454,0.0,-14.42,21.43,gdal_viewshed,0.176,0.3428,0.173,0.1214,0.1556,0.0,0.173,0.9986,0.3211
K301037,0.0234,15.01,7.68,gdal_viewshed,0.6141,0.8928,0.5101,0.3745,0.4614,0.0234,0.5101,0.9562,0.5611
K297896,0.0,-24.94,24.19,gdal_viewshed,0.0194,0.2324,0.0839,0.0523,0.0755,0.0,0.0839,0.968,0.2459
K303364,0.0,46.58,11.4,gdal_viewshed,1.0,0.744,0.5813,0.4488,0.5232,0.0,0.5813,0.9396,0.6367
K151168,0.0728,-2.65,0.95,gdal_viewshed,0.3512,1.0,0.4747,0.3418,0.4345,0.0728,0.4747,1.0,0.5272
K24594,0.0,8.17,14.05,gdal_viewshed,0.5122,0.638,0.3834,0.2813,0.3451,0.0,0.3834,0.668,0.4149
K369774,0.0021,-8.2,1.83,gdal_viewshed,0.2685,1.0,0.4236,0.2816,0.3814,0.0021,0.4236,0.9969,0.4806
K77534,0.0568,-8.71,1.99,gdal_viewshed,0.261,1.0,0.4393,0.3067,0.401,0.0568,0.4393,1.0,0.4953
K420196,0.0922,-1.84,8.91,gdal_viewshed,0.3632,0.8436,0.433,0.3238,0.3989,0.0922,0.433,0.9559,0.4965
K297240,0.0621,6.02,4.77,gdal_viewshed,0.4802,1.0,0.5141,0.3751,0.4689,0.0621,0.5141,0.9888,0.5604
K94966,0.0,-3.74,1.74,gdal_viewshed,0.3349,1.0,0.445,0.3005,0.4005,0.0,0.445,0.9626,0.493
K268645,0.0,-7.67,3.5,gdal_viewshed,0.2764,1.0,0.4255,0.2829,0.3829,0.0,0.4255,0.8889,0.4607
K149112,0.0277,21.25,4.32,gdal_viewshed,0.7069,1.0,0.5782,0.4259,0.5232,0.0277,0.5782,0.9578,0.6119
K228880,0.033,14.04,3.19,gdal_viewshed,0.5996,1.0,0.5442,0.3964,0.4931,0.033,0.5442,0.9803,0.5858
K102240,0.0,2.74,1.88,gdal_viewshed,0.4314,1.0,0.4772,0.3294,0.4294,0.0,0.4772,0.9831,0.526
K21211,0.0594,-0.87,1.7,gdal_viewshed,0.3777,1.0,0.4791,0.343,0.4371,0.0594,0.4791,0.8744,0.506
K77456,0.0,11.69,3.04,gdal_viewshed,0.5646,1.0,0.5216,0.3694,0.4694,0.0,0.5216,0.9769,0.5648
B001,0.0,-55.32,12.53,gdal_viewshed,0.0,0.6988,0.233,0.1398,0.2096,0.0,0.233,0.7843,0.2966
B002,0.0,-4.14,1.75,gdal_viewshed,0.329,1.0,0.4431,0.2987,0.3987,0.0,0.4431,0.9901,0.4967
B003,0.1469,12.13,1.39,gdal_viewshed,0.5712,1.0,0.5727,0.4448,0.5301,0.1469,0.5727,0.9866,0.6128
B004,0.3338,22.43,1.17,gdal_viewshed,0.7245,1.0,0.6861,0.5842,0.6509,0.3338,0.6861,1.0,0.7175
B005,0.0,-2.9,0.73,gdal_viewshed,0.3474,1.0,0.4492,0.3042,0.4042,0.0,0.4492,0.8987,0.484
B006,0.0396,-6.23,1.19,gdal_viewshed,0.2979,1.0,0.4459,0.3092,0.4052,0.0396,0.4459,0.9698,0.4952
B007,0.0,-5.78,5.67,gdal_viewshed,0.3046,0.9732,0.426,0.286,0.3833,0.0,0.426,0.9934,0.4847
B008,0.0,1.13,4.46,gdal_viewshed,0.4074,1.0,0.4692,0.3222,0.4222,0.0,0.4692,0.9708,0.5164
B009,0.0,57.02,23.17,gdal_viewshed,1.0,0.2732,0.4244,0.3546,0.382,0.0,0.4244,0.9136,0.5374
B010,0.0817,13.85,3.1,gdal_viewshed,0.5968,1.0,0.5595,0.4199,0.5117,0.0817,0.5595,0.9851,0.6006
B011,0.0752,7.08,3.6,gdal_viewshed,0.496,1.0,0.5238,0.3864,0.4789,0.0752,0.5238,0.9865,0.5687
B012,0.0681,-3.47,0.94,gdal_viewshed,0.339,1.0,0.4691,0.3358,0.4289,0.0681,0.4691,0.98,0.5181
B013,0.2084,7.69,4.02,gdal_viewshed,0.5051,1.0,0.5712,0.4557,0.5349,0.2084,0.5712,0.968,0.6076
B014,0.0,-5.01,4.7,gdal_viewshed,0.316,1.0,0.4387,0.2948,0.3948,0.0,0.4387,0.9671,0.4882
B015,0.0,21.03,11.17,gdal_viewshed,0.7037,0.7532,0.4857,0.3618,0.4371,0.0,0.4857,0.9243,0.5466
B016,0.0298,1.68,2.45,gdal_viewshed,0.4156,1.0,0.4819,0.3396,0.4366,0.0298,0.4819,0.739,0.4814
B017,0.0,4.44,4.09,gdal_viewshed,0.4567,1.0,0.4856,0.337,0.437,0.0,0.4856,0.9683,0.5307
B018,0.2171,8.87,4.33,gdal_viewshed,0.5227,1.0,0.58,0.4654,0.5436,0.2171,0.58,0.9807,0.6181
B019,0.0354,26.48,8.46,gdal_viewshed,0.7848,0.8616,0.5606,0.4255,0.5081,0.0354,0.5606,0.9879,0.616
B020,0.0,-2.42,2.78,gdal_viewshed,0.3546,1.0,0.4516,0.3064,0.4064,0.0,0.4516,0.9877,0.5039
B021,0.0102,8.01,2.98,gdal_viewshed,0.5099,1.0,0.5067,0.3581,0.457,0.0102,0.5067,0.989,0.5538
B022,0.0,-9.36,4.81,gdal_viewshed,0.2513,1.0,0.4172,0.2754,0.3754,0.0,0.4172,0.9541,0.4662
B023,0.0,-7.38,7.53,gdal_viewshed,0.2808,0.8988,0.3933,0.264,0.3539,0.0,0.3933,0.9659,0.4572
B024,0.0045,-6.47,0.19,gdal_viewshed,0.2943,1.0,0.433,0.2905,0.3901,0.0045,0.433,1.0,0.4896
B025,0.0073,-2.76,7.29,gdal_viewshed,0.3495,0.9084,0.4218,0.2902,0.3803,0.0073,0.4218,0.9816,0.485
B026,0.2656,-37.64,8.88,gdal_viewshed,0.0,0.8448,0.3702,0.3018,0.3597,0.2656,0.3702,1.0,0.4486
B027,0.0,-8.59,15.44,gdal_viewshed,0.2627,0.5824,0.2817,0.1953,0.2535,0.0,0.2817,1.0,0.3953
B028,0.0725,-5.38,4.56,gdal_viewshed,0.3105,1.0,0.4611,0.3294,0.4222,0.0725,0.4611,1.0,0.5149
B029,0.0524,5.38,0.68,gdal_viewshed,0.4707,1.0,0.5077,0.3674,0.4622,0.0524,0.5077,0.835,0.5239
B030,0.0,-1.06,10.0,gdal_viewshed,0.3748,0.8,0.3916,0.2724,0.3524,0.0,0.3916,0.9986,0.4722
B031,0.0559,18.23,1.24,gdal_viewshed,0.662,1.0,0.5727,0.4266,0.521,0.0559,0.5727,0.9765,0.6107
B032,0.1258,-7.18,12.95,gdal_viewshed,0.2837,0.682,0.3639,0.2844,0.34,0.1258,0.3639,0.9808,0.4554
B033,0.1085,1.12,0.45,gdal_viewshed,0.4073,1.0,0.5053,0.3764,0.4656,0.1085,0.5053,1.0,0.5547
B034,0.0458,10.55,9.66,gdal_viewshed,0.5477,0.8136,0.4691,0.3499,0.4267,0.0458,0.4691,0.9839,0.5376
B035,0.2852,-2.31,24.5,gdal_viewshed,0.3562,0.22,0.2871,0.2935,0.2869,0.2852,0.2871,1.0,0.4364
B036,0.0,8.51,5.6,gdal_viewshed,0.5173,0.976,0.4978,0.3504,0.448,0.0,0.4978,0.8544,0.5213
B037,0.0,-7.47,4.24,gdal_viewshed,0.2794,1.0,0.4265,0.2838,0.3838,0.0,0.4265,0.9876,0.4813
B038,0.0706,0.32,1.09,gdal_viewshed,0.3954,1.0,0.4887,0.3539,0.4469,0.0706,0.4887,0.9217,0.5241
B039,0.0,-2.89,0.89,gdal_viewshed,0.3476,1.0,0.4493,0.3043,0.4043,0.0,0.4493,0.9778,0.4998
B040,0.0,-19.98,9.19,gdal_viewshed,0.0932,0.8324,0.3086,0.1944,0.2777,0.0,0.3086,0.9621,0.3869
B041,0.0,-7.09,0.45,gdal_viewshed,0.2851,1.0,0.4284,0.2855,0.3855,0.0,0.4284,0.9937,0.4843
B042,0.0,-9.6,20.42,gdal_viewshed,0.2477,0.3832,0.2103,0.151,0.1893,0.0,0.2103,0.967,0.3444
B043,0.1055,-1.09,0.48,gdal_viewshed,0.3744,1.0,0.4934,0.3651,0.4545,0.1055,0.4934,1.0,0.544
B044,0.0649,0.01,8.74,gdal_viewshed,0.3908,0.8504,0.4354,0.3198,0.3983,0.0649,0.4354,0.97,0.5008
B045,0.0,45.38,15.08,gdal_viewshed,1.0,0.5968,0.5323,0.4194,0.479,0.0,0.5323,0.9007,0.5995
B046,0.0,36.46,5.81,gdal_viewshed,0.9334,0.9676,0.6337,0.4735,0.5703,0.0,0.6337,0.9823,0.67
B047,0.0,-8.62,5.5,gdal_viewshed,0.2623,0.98,0.4142,0.2747,0.3727,0.0,0.4142,1.0,0.4747
B048,0.0,-4.49,8.84,gdal_viewshed,0.3238,0.8464,0.3901,0.2664,0.3511,0.0,0.3901,1.0,0.4664
A010,0.0043,-2.48,3.74,gdal_viewshed,0.3537,1.0,0.4527,0.3083,0.4078,0.0043,0.4527,1.0,0.5074
A005,0.0043,-0.33,0.77,gdal_viewshed,0.3857,1.0,0.4634,0.3179,0.4174,0.0043,0.4634,1.0,0.517
A006,0.0043,-0.66,0.94,gdal_viewshed,0.3808,1.0,0.4618,0.3164,0.416,0.0043,0.4618,1.0,0.5155
A002,0.0043,11.73,10.59,gdal_viewshed,0.5652,0.7764,0.4487,0.327,0.4042,0.0043,0.4487,1.0,0.5261
