nok_id,fV,R,egim,yontem,fR,fS
K353742,0.0171,60.72,12.67,gdal_viewshed,1.0,0.6932
K209970,0.0,-6.3,23.06,gdal_viewshed,0.2968,0.2776
K77209,0.0628,-9.98,4.31,gdal_viewshed,0.242,1.0
K329102,0.0,3.07,8.68,gdal_viewshed,0.4363,0.8528
K246767,0.0,41.01,17.98,gdal_viewshed,1.0,0.4808
K19970,0.0629,-3.99,1.69,gdal_viewshed,0.3312,1.0
K97777,0.0496,13.04,2.9,gdal_viewshed,0.5847,1.0
K311365,0.0,-21.47,1.61,gdal_viewshed,0.071,1.0
K187169,0.0,-59.46,19.56,gdal_viewshed,0.0,0.4176
K83175,0.0015,10.42,1.58,gdal_viewshed,0.5457,1.0
K149698,0.0314,-6.39,2.31,gdal_viewshed,0.2955,1.0
K236175,0.0,-2.98,4.31,gdal_viewshed,0.3463,1.0
K312837,0.0,-19.27,0.75,gdal_viewshed,0.1038,1.0
K329907,0.0,-26.94,2.68,gdal_viewshed,0.0,1.0
K67483,0.0,31.32,7.64,gdal_viewshed,0.8568,0.8944
K183513,0.0569,40.8,4.79,gdal_viewshed,0.998,1.0
K76828,0.0,10.9,2.45,gdal_viewshed,0.5529,1.0
K143763,0.0628,1.83,1.32,gdal_viewshed,0.4179,1.0
K221155,0.0814,13.27,4.31,gdal_viewshed,0.5882,1.0
K290988,0.0,-33.98,18.76,gdal_viewshed,0.0,0.4496
K101553,0.0702,-20.77,5.62,gdal_viewshed,0.0814,0.9752
K392304,0.036,4.44,9.18,gdal_viewshed,0.4567,0.8328
K373961,0.0,-2.87,0.92,gdal_viewshed,0.3479,1.0
K16990,0.0427,4.17,3.34,gdal_viewshed,0.4527,1.0
K273839,0.0,-4.31,0.34,gdal_viewshed,0.3265,1.0
K320099,0.0515,-1.83,22.64,gdal_viewshed,0.3634,0.2944
K89934,0.0,-0.45,0.24,gdal_viewshed,0.3839,1.0
K11039,0.0427,-0.56,0.62,gdal_viewshed,0.3823,1.0
K168473,0.0133,-16.1,19.02,gdal_viewshed,0.1509,0.4392
K404751,0.1404,8.86,1.96,gdal_viewshed,0.5225,1.0
K279640,0.0,34.99,8.6,gdal_viewshed,0.9115,0.856
K299454,0.0,-14.42,21.43,gdal_viewshed,0.176,0.3428
K301037,0.0234,15.01,7.68,gdal_viewshed,0.6141,0.8928
K297896,0.0,-24.94,24.19,gdal_viewshed,0.0194,0.2324
K303364,0.0,46.58,11.4,gdal_viewshed,1.0,0.744
K151168,0.0728,-2.65,0.95,gdal_viewshed,0.3512,1.0
K24594,0.0,8.17,14.05,gdal_viewshed,0.5122,0.638
K369774,0.0021,-8.2,1.83,gdal_viewshed,0.2685,1.0
K77534,0.0568,-8.71,1.99,gdal_viewshed,0.261,1.0
K420196,0.0922,-1.84,8.91,gdal_viewshed,0.3632,0.8436
K297240,0.0621,6.02,4.77,gdal_viewshed,0.4802,1.0
K94966,0.0,-3.74,1.74,gdal_viewshed,0.3349,1.0
K268645,0.0,-7.67,3.5,gdal_viewshed,0.2764,1.0
K149112,0.0277,21.25,4.32,gdal_viewshed,0.7069,1.0
K228880,0.033,14.04,3.19,gdal_viewshed,0.5996,1.0
K102240,0.0,2.74,1.88,gdal_viewshed,0.4314,1.0
K21211,0.0594,-0.87,1.7,gdal_viewshed,0.3777,1.0
K77456,0.0,11.69,3.04,gdal_viewshed,0.5646,1.0
A010,0.0043,-2.48,3.74,gdal_viewshed,0.3537,1.0
A005,0.0043,-0.33,0.77,gdal_viewshed,0.3857,1.0
A006,0.0043,-0.66,0.94,gdal_viewshed,0.3808,1.0
A002,0.0043,11.73,10.59,gdal_viewshed,0.5652,0.7764
B001,0.0,-55.32,12.53,gdal_viewshed,0.0,0.6988
B002,0.0,-4.14,1.75,gdal_viewshed,0.329,1.0
B003,0.1469,12.13,1.39,gdal_viewshed,0.5712,1.0
B004,0.3338,22.43,1.17,gdal_viewshed,0.7245,1.0
B005,0.0,-2.9,0.73,gdal_viewshed,0.3474,1.0
B006,0.0396,-6.23,1.19,gdal_viewshed,0.2979,1.0
B007,0.0,-5.78,5.67,gdal_viewshed,0.3046,0.9732
B008,0.0,1.13,4.46,gdal_viewshed,0.4074,1.0
B009,0.0,57.02,23.17,gdal_viewshed,1.0,0.2732
B010,0.0817,13.85,3.1,gdal_viewshed,0.5968,1.0
B011,0.0752,7.08,3.6,gdal_viewshed,0.496,1.0
B012,0.0681,-3.47,0.94,gdal_viewshed,0.339,1.0
B013,0.2084,7.69,4.02,gdal_viewshed,0.5051,1.0
B014,0.0,-5.01,4.7,gdal_viewshed,0.316,1.0
B015,0.0,21.03,11.17,gdal_viewshed,0.7037,0.7532
B016,0.0298,1.68,2.45,gdal_viewshed,0.4156,1.0
B017,0.0,4.44,4.09,gdal_viewshed,0.4567,1.0
B018,0.2171,8.87,4.33,gdal_viewshed,0.5227,1.0
B019,0.0354,26.48,8.46,gdal_viewshed,0.7848,0.8616
B020,0.0,-2.42,2.78,gdal_viewshed,0.3546,1.0
B021,0.0102,8.01,2.98,gdal_viewshed,0.5099,1.0
B022,0.0,-9.36,4.81,gdal_viewshed,0.2513,1.0
B023,0.0,-7.38,7.53,gdal_viewshed,0.2808,0.8988
B024,0.0045,-6.47,0.19,gdal_viewshed,0.2943,1.0
B025,0.0073,-2.76,7.29,gdal_viewshed,0.3495,0.9084
B026,0.2656,-37.64,8.88,gdal_viewshed,0.0,0.8448
B027,0.0,-8.59,15.44,gdal_viewshed,0.2627,0.5824
B028,0.0725,-5.38,4.56,gdal_viewshed,0.3105,1.0
B029,0.0524,5.38,0.68,gdal_viewshed,0.4707,1.0
B030,0.0,-1.06,10.0,gdal_viewshed,0.3748,0.8
B031,0.0559,18.23,1.24,gdal_viewshed,0.662,1.0
B032,0.1258,-7.18,12.95,gdal_viewshed,0.2837,0.682
B033,0.1085,1.12,0.45,gdal_viewshed,0.4073,1.0
B034,0.0458,10.55,9.66,gdal_viewshed,0.5477,0.8136
B035,0.2852,-2.31,24.5,gdal_viewshed,0.3562,0.22
B036,0.0,8.51,5.6,gdal_viewshed,0.5173,0.976
B037,0.0,-7.47,4.24,gdal_viewshed,0.2794,1.0
B038,0.0706,0.32,1.09,gdal_viewshed,0.3954,1.0
B039,0.0,-2.89,0.89,gdal_viewshed,0.3476,1.0
B040,0.0,-19.98,9.19,gdal_viewshed,0.0932,0.8324
B041,0.0,-7.09,0.45,gdal_viewshed,0.2851,1.0
B042,0.0,-9.6,20.42,gdal_viewshed,0.2477,0.3832
B043,0.1055,-1.09,0.48,gdal_viewshed,0.3744,1.0
B044,0.0649,0.01,8.74,gdal_viewshed,0.3908,0.8504
B045,0.0,45.38,15.08,gdal_viewshed,1.0,0.5968
B046,0.0,36.46,5.81,gdal_viewshed,0.9334,0.9676
B047,0.0,-8.62,5.5,gdal_viewshed,0.2623,0.98
B048,0.0,-4.49,8.84,gdal_viewshed,0.3238,0.8464
